<?xml version="1.0" encoding="UTF-8"?>
    <addon id="repository.Cerberus" name="Cerberus Repo" version="1.0.1" provider-name="Hades">
        <requires>
            <import addon="xbmc.addon" version="12.0.0"/>
        </requires>
        <extension point="xbmc.addon.repository" name="Cerberus Repo">
            <info compressed="false">https://raw.githubusercontent.com/R4V3NWOLF/Cerberus/master/_repo/addons.xml</info>
            <checksum>https://raw.githubusercontent.com/R4V3NWOLF/Cerberus/master/_repo/addons.xml.md5</checksum>
            <datadir zip="true">https://raw.githubusercontent.com/R4V3NWOLF/Cerberus/master/_repo/</datadir>
            <hashes>false</hashes>
        </extension>
        <extension point="xbmc.addon.metadata">
            <summary>A short summary of this addon</summary>
            <description>Demonic Streaming</description>
            <platform>all</platform>
    </extension>
</addon>