<?xml version="1.0" encoding="UTF-8" standalone="yes"?>
<addon id="plugin.video.hyperspace" name="[COLORdarkcyan]Hyper-Space[/COLOR]" version="0.0.2" provider-name="[COLORlightseagreen]Demonic Streaming[/COLOR]">
  <requires>
    <import addon="xbmc.python" version="2.1.0"/>
	<import addon="script.module.urlresolver"  version="2.1.2"/>
	<import addon="script.module.addon.common" />
  </requires>
  <extension point="xbmc.python.pluginsource" library="default.py">
		<provides>video</provides>
  </extension>
  <extension point="xbmc.addon.metadata">
	<summary lang="en">[COLORcoral]Hyper-Space[/COLOR]</summary>
	<description lang="en">[COLORsteelblue]A plugin for all you Science Fiction lovers[/COLOR]</description>
	<disclaimer lang="en">[COLORdarkred]The original author neither hosts or stores any content, the original author has no affiliation with content hosts.[/COLOR]</disclaimer>
	<platform>all</platform>
  </extension>
</addon>
